{
    "name": "root",
    "gauges": {
        "HoverBehavior.Policy.Entropy.mean": {
            "value": 0.6902393698692322,
            "min": 0.6902109384536743,
            "max": 1.394315481185913,
            "count": 30
        },
        "HoverBehavior.Policy.Entropy.sum": {
            "value": 6918.95947265625,
            "min": 6902.109375,
            "max": 14032.390625,
            "count": 30
        },
        "HoverBehavior.Environment.EpisodeLength.mean": {
            "value": 8.113947128532361,
            "min": 7.18657937806874,
            "max": 1090.0,
            "count": 30
        },
        "HoverBehavior.Environment.EpisodeLength.sum": {
            "value": 8901.0,
            "min": 4918.0,
            "max": 15920.0,
            "count": 30
        },
        "HoverBehavior.Step.mean": {
            "value": 299995.0,
            "min": 9996.0,
            "max": 299995.0,
            "count": 30
        },
        "HoverBehavior.Step.sum": {
            "value": 299995.0,
            "min": 9996.0,
            "max": 299995.0,
            "count": 30
        },
        "HoverBehavior.Policy.ExtrinsicValueEstimate.mean": {
            "value": 1.115649938583374,
            "min": -0.6863353252410889,
            "max": 1.115649938583374,
            "count": 30
        },
        "HoverBehavior.Policy.ExtrinsicValueEstimate.sum": {
            "value": 1224.983642578125,
            "min": -838.0154418945312,
            "max": 1224.983642578125,
            "count": 30
        },
        "HoverBehavior.Environment.CumulativeReward.mean": {
            "value": 1.4065778239177225,
            "min": -0.9735021801096411,
            "max": 1.4260490267307728,
            "count": 30
        },
        "HoverBehavior.Environment.CumulativeReward.sum": {
            "value": 1544.4224506616592,
            "min": -1188.6461619138718,
            "max": 1544.4224506616592,
            "count": 30
        },
        "HoverBehavior.Policy.ExtrinsicReward.mean": {
            "value": 1.4065778239177225,
            "min": -0.9735021801096411,
            "max": 1.4260490267307728,
            "count": 30
        },
        "HoverBehavior.Policy.ExtrinsicReward.sum": {
            "value": 1544.4224506616592,
            "min": -1188.6461619138718,
            "max": 1544.4224506616592,
            "count": 30
        },
        "HoverBehavior.Losses.PolicyLoss.mean": {
            "value": 0.46614903535138297,
            "min": 0.23078567686747192,
            "max": 0.46614903535138297,
            "count": 30
        },
        "HoverBehavior.Losses.PolicyLoss.sum": {
            "value": 43.81800932303,
            "min": 18.55594738609417,
            "max": 43.81800932303,
            "count": 30
        },
        "HoverBehavior.Losses.ValueLoss.mean": {
            "value": 0.00042943727250301203,
            "min": 0.00042943727250301203,
            "max": 0.04318216739934535,
            "count": 30
        },
        "HoverBehavior.Losses.ValueLoss.sum": {
            "value": 0.04036710361528313,
            "min": 0.04036710361528313,
            "max": 4.059123735538463,
            "count": 30
        },
        "HoverBehavior.Policy.LearningRate.mean": {
            "value": 0.0002982300676112543,
            "min": 0.0002982300676112543,
            "max": 0.00029997005579721547,
            "count": 30
        },
        "HoverBehavior.Policy.LearningRate.sum": {
            "value": 0.0280336263554579,
            "min": 0.023069942776019082,
            "max": 0.028197185244938253,
            "count": 30
        },
        "HoverBehavior.Policy.Epsilon.mean": {
            "value": 0.19941002234042554,
            "min": 0.19941002234042554,
            "max": 0.19999001859574467,
            "count": 30
        },
        "HoverBehavior.Policy.Epsilon.sum": {
            "value": 18.7445421,
            "min": 15.389980922000003,
            "max": 18.799061748,
            "count": 30
        },
        "HoverBehavior.Policy.Beta.mean": {
            "value": 0.000497109109468085,
            "min": 0.000497109109468085,
            "max": 0.000499951091119149,
            "count": 30
        },
        "HoverBehavior.Policy.Beta.sum": {
            "value": 0.04672825628999999,
            "min": 0.0384509065178,
            "max": 0.046995402565200003,
            "count": 30
        },
        "HoverBehavior.IsTraining.mean": {
            "value": 1.0,
            "min": 1.0,
            "max": 1.0,
            "count": 30
        },
        "HoverBehavior.IsTraining.sum": {
            "value": 1.0,
            "min": 1.0,
            "max": 1.0,
            "count": 30
        }
    },
    "metadata": {
        "timer_format_version": "0.1.0",
        "start_time_seconds": "1640347054",
        "python_version": "3.9.5 (tags/v3.9.5:0a7dcbd, May  3 2021, 17:27:52) [MSC v.1928 64 bit (AMD64)]",
        "command_line_arguments": "C:\\Users\\fedni\\AppData\\Local\\Programs\\Python\\Python39\\Scripts\\mlagents-learn config/hover_config.yaml --run-id=hoverBehaviorDroneModel4",
        "mlagents_version": "0.26.0",
        "mlagents_envs_version": "0.26.0",
        "communication_protocol_version": "1.5.0",
        "pytorch_version": "1.7.1+cu110",
        "numpy_version": "1.20.1",
        "end_time_seconds": "1640348130"
    },
    "total": 1076.1276971,
    "count": 1,
    "self": 0.00412359999995715,
    "children": {
        "run_training.setup": {
            "total": 0.10472609999999993,
            "count": 1,
            "self": 0.10472609999999993
        },
        "TrainerController.start_learning": {
            "total": 1076.0188474,
            "count": 1,
            "self": 0.9340103999913936,
            "children": {
                "TrainerController._reset_env": {
                    "total": 7.830291500000001,
                    "count": 1,
                    "self": 7.830291500000001
                },
                "TrainerController.advance": {
                    "total": 1067.1371971000085,
                    "count": 56604,
                    "self": 0.8711881000058384,
                    "children": {
                        "env_step": {
                            "total": 464.9766810999881,
                            "count": 56604,
                            "self": 408.8180921999957,
                            "children": {
                                "SubprocessEnvManager._take_step": {
                                    "total": 55.61376489999377,
                                    "count": 56604,
                                    "self": 2.0282935999940577,
                                    "children": {
                                        "TorchPolicy.evaluate": {
                                            "total": 53.58547129999971,
                                            "count": 38292,
                                            "self": 21.63397359999545,
                                            "children": {
                                                "TorchPolicy.sample_actions": {
                                                    "total": 31.95149770000426,
                                                    "count": 38292,
                                                    "self": 31.95149770000426
                                                }
                                            }
                                        }
                                    }
                                },
                                "workers": {
                                    "total": 0.5448239999986519,
                                    "count": 56603,
                                    "self": 0.0,
                                    "children": {
                                        "worker_root": {
                                            "total": 1067.8640125000063,