{
    "name": "root",
    "gauges": {
        "HoverBehavior.Policy.Entropy.mean": {
            "value": 2.227675199508667,
            "min": 2.071866750717163,
            "max": 2.227675199508667,
            "count": 14
        },
        "HoverBehavior.Policy.Entropy.sum": {
            "value": 22811.39453125,
            "min": 9547.162109375,
            "max": 22811.39453125,
            "count": 14
        },
        "HoverBehavior.Step.mean": {
            "value": 3999936.0,
            "min": 3869952.0,
            "max": 3999936.0,
            "count": 14
        },
        "HoverBehavior.Step.sum": {
            "value": 3999936.0,
            "min": 3869952.0,
            "max": 3999936.0,
            "count": 14
        },
        "HoverBehavior.Policy.ExtrinsicValueEstimate.mean": {
            "value": -65221.05078125,
            "min": -65221.05078125,
            "max": -325.6778259277344,
            "count": 14
        },
        "HoverBehavior.Policy.ExtrinsicValueEstimate.sum": {
            "value": -10174484.0,
            "min": -10174484.0,
            "max": -22146.091796875,
            "count": 14
        },
        "HoverBehavior.Losses.PolicyLoss.mean": {
            "value": 0.3418117038005114,
            "min": 0.3407656476184843,
            "max": 0.3452032647384116,
            "count": 14
        },
        "HoverBehavior.Losses.PolicyLoss.sum": {
            "value": 6.836234076010228,
            "min": 2.747656047198118,
            "max": 6.896867184594251,
            "count": 14
        },
        "HoverBehavior.Losses.ValueLoss.mean": {
            "value": 70424.7237363728,
            "min": 8357.122258228805,
            "max": 70424.7237363728,
            "count": 14
        },
        "HoverBehavior.Losses.ValueLoss.sum": {
            "value": 1408494.474727456,
            "min": 66856.97806583044,
            "max": 1408494.474727456,
            "count": 14
        },
        "HoverBehavior.Policy.LearningRate.mean": {
            "value": 0.00027603072798975997,
            "min": 0.00027603072798975997,
            "max": 0.00027679258373580794,
            "count": 14
        },
        "HoverBehavior.Policy.LearningRate.sum": {
            "value": 0.0055206145597952,
            "min": 0.0022143406698864635,
            "max": 0.005534991515002878,
            "count": 14
        },
        "HoverBehavior.Policy.Epsilon.mean": {
            "value": 0.19201024,
            "min": 0.19201024,
            "max": 0.192264192,
            "count": 14
        },
        "HoverBehavior.Policy.Epsilon.sum": {
            "value": 3.8402048,
            "min": 1.538113536,
            "max": 3.8449971200000004,
            "count": 14
        },
        "HoverBehavior.Policy.Beta.mean": {
            "value": 0.00046085017599999995,
            "min": 0.00046085017599999995,
            "max": 0.0004620945408000001,
            "count": 14
        },
        "HoverBehavior.Policy.Beta.sum": {
            "value": 0.00921700352,
            "min": 0.0036967563264000006,
            "max": 0.009240485888000001,
            "count": 14
        },
        "HoverBehavior.IsTraining.mean": {
            "value": 1.0,
            "min": 1.0,
            "max": 1.0,
            "count": 14
        },
        "HoverBehavior.IsTraining.sum": {
            "value": 1.0,
            "min": 1.0,
            "max": 1.0,
            "count": 14
        }
    },
    "metadata": {
        "timer_format_version": "0.1.0",
        "start_time_seconds": "1622095605",
        "python_version": "3.9.5 (tags/v3.9.5:0a7dcbd, May  3 2021, 17:27:52) [MSC v.1928 64 bit (AMD64)]",
        "command_line_arguments": "C:\\Users\\fedni\\AppData\\Local\\Programs\\Python\\Python39\\Scripts\\mlagents-learn config/hover_config.yaml --run-id=hower4 --resume",
        "mlagents_version": "0.26.0",
        "mlagents_envs_version": "0.26.0",
        "communication_protocol_version": "1.5.0",
        "pytorch_version": "1.7.1+cu110",
        "numpy_version": "1.20.1",
        "end_time_seconds": "1622096253"
    },
    "total": 648.1158981,
    "count": 1,
    "self": 0.004330500000037318,
    "children": {
        "run_training.setup": {
            "total": 0.11701359999999994,
            "count": 1,
            "self": 0.11701359999999994
        },
        "TrainerController.start_learning": {
            "total": 647.994554,
            "count": 1,
            "self": 0.2513055999986591,
            "children": {
                "TrainerController._reset_env": {
                    "total": 10.5049449,
                    "count": 1,
                    "self": 10.5049449
                },
                "TrainerController.advance": {
                    "total": 637.1856287000012,
                    "count": 16924,
                    "self": 0.24737660000027972,
                    "children": {
                        "env_step": {
                            "total": 393.8558306999969,
                            "count": 16924,
                            "self": 370.9576646999897,
                            "children": {
                                "SubprocessEnvManager._take_step": {
                                    "total": 22.731531800003864,
                                    "count": 16924,
                                    "self": 0.8104441000069684,
                                    "children": {
                                        "TorchPolicy.evaluate": {
                                            "total": 21.921087699996896,
                                            "count": 16924,
                                            "self": 8.41345139999381,
                                            "children": {
                                                "TorchPolicy.sample_actions": {
                                                    "total": 13.507636300003085,
                                                    "count": 16924,
                                                    "self": 13.507636300003085
                                                }
                                            }
                                        }
                                    }
                                },
                                "workers": {
                                    "total": 0.16663420000331186,
                                    "count": 16923,
                                    "self": 0.0,
                                    "children": {
                                        "worker_root": {
                                            "total": 638.816773999999,
                                            "count": 16923,
                                            "is_parallel": true,
                                            "self": 281.7165572999973,
                                            "children": {
                                                "steps_from_proto": {
                                                    "total": 0.0006634000000005358,
                                                    "count": 1,
                                                    "is_parallel": true,
                                                    "self": 0.00011210000000083653,
                                                    "children": {
                                                        "_process_rank_one_or_two_observation": {
                                                            "total": 0.0005512999999996993,
                                                            "count": 2,
                                                            "is_parallel": true,
                                                            "self": 0.0005512999999996993
                                                        }
                                                    }
                                                },