{"cameraMode":{"drawMode":0,"name":"Shaded","section":"Shading Mode"},"sceneLighting":false,"audioPlay":false,"sceneViewState":{"showFog":true,"showMaterialUpdate":false,"showSkybox":false,"showFlares":true,"showImageEffects":true,"showParticleSystems":true},"in2DMode":false,"pivot":{"x":-0.222792387008667,"y":0.3293468952178955,"z":0.6127825975418091},"rotation":{"x":-0.010163440369069577,"y":-0.9858350157737732,"z":0.15445083379745484,"w":-0.06515738368034363},"size":0.005388796329498291,"orthographic":false}