{
    "name": "root",
    "gauges": {
        "HoverBehavior.Policy.Entropy.mean": {
            "value": 2.233330249786377,
            "min": 1.7584521770477295,
            "max": 2.2427611351013184,
            "count": 50
        },
        "HoverBehavior.Policy.Entropy.sum": {
            "value": 21725.8359375,
            "min": 11704.2578125,
            "max": 22965.875,
            "count": 50
        },
        "HoverBehavior.Step.mean": {
            "value": 1159936.0,
            "min": 669952.0,
            "max": 1159936.0,
            "count": 50
        },
        "HoverBehavior.Step.sum": {
            "value": 1159936.0,
            "min": 669952.0,
            "max": 1159936.0,
            "count": 50
        },
        "HoverBehavior.Policy.ExtrinsicValueEstimate.mean": {
            "value": -315184.8125,
            "min": -315184.8125,
            "max": -919.0790405273438,
            "count": 50
        },
        "HoverBehavior.Policy.ExtrinsicValueEstimate.sum": {
            "value": -49168832.0,
            "min": -49168832.0,
            "max": -91907.90625,
            "count": 50
        },
        "HoverBehavior.Losses.PolicyLoss.mean": {
            "value": 0.2596431897213552,
            "min": 0.2428986036161356,
            "max": 0.32134859257475074,
            "count": 50
        },
        "HoverBehavior.Losses.PolicyLoss.sum": {
            "value": 4.933220604705749,
            "min": 3.8082026570288496,
            "max": 6.426971851495015,
            "count": 50
        },
        "HoverBehavior.Losses.ValueLoss.mean": {
            "value": 38768039.62887131,
            "min": 39910.741946168455,
            "max": 322393738.6956291,
            "count": 50
        },
        "HoverBehavior.Losses.ValueLoss.sum": {
            "value": 736592752.9485549,
            "min": 478928.9033540215,
            "max": 6447874773.912582,
            "count": 50
        },
        "HoverBehavior.Policy.LearningRate.mean": {
            "value": 0.0002930695703101439,
            "min": 0.0002930695703101439,
            "max": 0.00029599872133376004,
            "count": 50
        },
        "HoverBehavior.Policy.LearningRate.sum": {
            "value": 0.005568321835892735,
            "min": 0.0035519846560051202,
            "max": 0.00591899138700288,
            "count": 50
        },
        "HoverBehavior.Policy.Epsilon.mean": {
            "value": 0.197689856,
            "min": 0.197689856,
            "max": 0.19866624,
            "count": 50
        },
        "HoverBehavior.Policy.Epsilon.sum": {
            "value": 3.756107264,
            "min": 2.38399488,
            "max": 3.9729971199999996,
            "count": 50
        },
        "HoverBehavior.Policy.Beta.mean": {
            "value": 0.0004886802944000001,
            "min": 0.0004886802944000001,
            "max": 0.000493464576,
            "count": 50
        },
        "HoverBehavior.Policy.Beta.sum": {
            "value": 0.0092849255936,
            "min": 0.005921574912,
            "max": 0.009867685888,
            "count": 50
        },
        "HoverBehavior.IsTraining.mean": {
            "value": 1.0,
            "min": 1.0,
            "max": 1.0,
            "count": 50
        },
        "HoverBehavior.IsTraining.sum": {
            "value": 1.0,
            "min": 1.0,
            "max": 1.0,
            "count": 50
        }
    },
    "metadata": {
        "timer_format_version": "0.1.0",
        "start_time_seconds": "1622043916",
        "python_version": "3.9.5 (tags/v3.9.5:0a7dcbd, May  3 2021, 17:27:52) [MSC v.1928 64 bit (AMD64)]",
        "command_line_arguments": "C:\\Users\\fedni\\AppData\\Local\\Programs\\Python\\Python39\\Scripts\\mlagents-learn config/hover_config.yaml --run-id=hower2 --resume",
        "mlagents_version": "0.26.0",
        "mlagents_envs_version": "0.26.0",
        "communication_protocol_version": "1.5.0",
        "pytorch_version": "1.7.1+cu110",
        "numpy_version": "1.20.1",
        "end_time_seconds": "1622046507"
    },
    "total": 2590.9732277,
    "count": 1,
    "self": 0.0043579999996836705,
    "children": {
        "run_training.setup": {
            "total": 0.10617039999999989,
            "count": 1,
            "self": 0.10617039999999989
        },
        "TrainerController.start_learning": {
            "total": 2590.8626993000003,
            "count": 1,
            "self": 0.9266145999727087,
            "children": {
                "TrainerController._reset_env": {
                    "total": 25.237474499999998,
                    "count": 1,
                    "self": 25.237474499999998
                },
                "TrainerController.advance": {
                    "total": 2564.6531875000273,
                    "count": 63224,
                    "self": 0.9593101000309616,
                    "children": {
                        "env_step": {
                            "total": 1610.1625868999954,
                            "count": 63224,
                            "self": 1522.457562299975,
                            "children": {
                                "SubprocessEnvManager._take_step": {
                                    "total": 87.07331060001466,
                                    "count": 63224,
                                    "self": 3.2153582000017167,
                                    "children": {
                                        "TorchPolicy.evaluate": {
                                            "total": 83.85795240001295,
                                            "count": 63224,
                                            "self": 33.526490999988035,
                                            "children": {
                                                "TorchPolicy.sample_actions": {
                                                    "total": 50.331461400024914,
                                                    "count": 63224,
                                                    "self": 50.331461400024914
                                                }
                                            }
                                        }
                                    }
                                },
                                "workers": {
                                    "total": 0.6317140000056121,
                                    "count": 63223,
                                    "self": 0.0,
                                    "children": {
                                        "worker_root": {
                                            "total": 2565.124806299982,
                                            "count": 63223,
                                            "is_parallel": true,
                                            "self": 1097.1737631999652,
                                            "children": {
                                                "steps_from_proto": {
                                                    "total": 0.0003131999999972379,
                                                    "count": 1,
                                                    "is_parallel": true,
                                                    "self": 0.0001468999999971743,
                                                    "children": {
                                                        "_process_rank_one_or_two_observation": {
                                                            "total": 0.00016630000000006362,
                                                            "count": 2,
                                                            "is_parallel": true,
                                                            "self": 0.00016630000000006362
                                                        }
                                                    }
                                                },