{
    "name": "root",
    "gauges": {
        "HoverBehavior.Policy.Entropy.mean": {
            "value": 1.2261499166488647,
            "min": 1.2261499166488647,
            "max": 1.3809874057769775,
            "count": 5
        },
        "HoverBehavior.Policy.Entropy.sum": {
            "value": 12202.6435546875,
            "min": 12202.6435546875,
            "max": 13920.3525390625,
            "count": 5
        },
        "HoverBehavior.Environment.EpisodeLength.mean": {
            "value": 157.05882352941177,
            "min": 7.2282430213464695,
            "max": 1135.6666666666667,
            "count": 5
        },
        "HoverBehavior.Environment.EpisodeLength.sum": {
            "value": 13350.0,
            "min": 3373.0,
            "max": 13628.0,
            "count": 5
        },
        "HoverBehavior.Step.mean": {
            "value": 49981.0,
            "min": 9998.0,
            "max": 49981.0,
            "count": 5
        },
        "HoverBehavior.Step.sum": {
            "value": 49981.0,
            "min": 9998.0,
            "max": 49981.0,
            "count": 5
        },
        "HoverBehavior.Policy.ExtrinsicValueEstimate.mean": {
            "value": 0.5352990627288818,
            "min": -0.7060356140136719,
            "max": 0.5352990627288818,
            "count": 5
        },
        "HoverBehavior.Policy.ExtrinsicValueEstimate.sum": {
            "value": 107.59510803222656,
            "min": -859.245361328125,
            "max": 107.59510803222656,
            "count": 5
        },
        "HoverBehavior.Environment.CumulativeReward.mean": {
            "value": 1.4493071852361454,
            "min": -0.984264532316877,
            "max": 1.5586826937894027,
            "count": 5
        },
        "HoverBehavior.Environment.CumulativeReward.sum": {
            "value": 123.19111074507236,
            "min": -1197.8499358296394,
            "max": 123.19111074507236,
            "count": 5
        },
        "HoverBehavior.Policy.ExtrinsicReward.mean": {
            "value": 1.4493071852361454,
            "min": -0.984264532316877,
            "max": 1.5586826937894027,
            "count": 5
        },
        "HoverBehavior.Policy.ExtrinsicReward.sum": {
            "value": 123.19111074507236,
            "min": -1197.8499358296394,
            "max": 123.19111074507236,
            "count": 5
        },
        "HoverBehavior.Losses.PolicyLoss.mean": {
            "value": 0.24558975051723123,
            "min": 0.23937847286081917,
            "max": 0.2470298168815889,
            "count": 5
        },
        "HoverBehavior.Losses.PolicyLoss.sum": {
            "value": 18.664821039309572,
            "min": 18.664821039309572,
            "max": 23.467832603750946,
            "count": 5
        },
        "HoverBehavior.Losses.ValueLoss.mean": {
            "value": 0.03390202447581473,
            "min": 0.0069950311881587755,
            "max": 0.04225249647821737,
            "count": 5
        },
        "HoverBehavior.Losses.ValueLoss.sum": {
            "value": 2.5765538601619196,
            "min": 0.5456124326763845,
            "max": 4.01398716543065,
            "count": 5
        },
        "HoverBehavior.Policy.LearningRate.mean": {
            "value": 0.00029973027111622545,
            "min": 0.00029973027111622545,
            "max": 0.000299969945504755,
            "count": 5
        },
        "HoverBehavior.Policy.LearningRate.sum": {
            "value": 0.022779500604833133,
            "min": 0.022779500604833133,
            "max": 0.028497144822951723,
            "count": 5
        },
        "HoverBehavior.Policy.Epsilon.mean": {
            "value": 0.1999100903421053,
            "min": 0.1999100903421053,
            "max": 0.19998998183157898,
            "count": 5
        },
        "HoverBehavior.Policy.Epsilon.sum": {
            "value": 15.193166866000002,
            "min": 15.193166866000002,
            "max": 18.999048274000003,
            "count": 5
        },
        "HoverBehavior.Policy.Beta.mean": {
            "value": 0.0004995594426763157,
            "min": 0.0004995594426763157,
            "max": 0.0004999509109747367,
            "count": 5
        },
        "HoverBehavior.Policy.Beta.sum": {
            "value": 0.0379665176434,
            "min": 0.0379665176434,
            "max": 0.047495336542599985,
            "count": 5
        },
        "HoverBehavior.IsTraining.mean": {
            "value": 1.0,
            "min": 1.0,
            "max": 1.0,
            "count": 5
        },
        "HoverBehavior.IsTraining.sum": {
            "value": 1.0,
            "min": 1.0,
            "max": 1.0,
            "count": 5
        }
    },
    "metadata": {
        "timer_format_version": "0.1.0",
        "start_time_seconds": "1640345731",
        "python_version": "3.9.5 (tags/v3.9.5:0a7dcbd, May  3 2021, 17:27:52) [MSC v.1928 64 bit (AMD64)]",
        "command_line_arguments": "C:\\Users\\fedni\\AppData\\Local\\Programs\\Python\\Python39\\Scripts\\mlagents-learn config/hover_config.yaml --run-id=hoverBehaviorDroneModel",
        "mlagents_version": "0.26.0",
        "mlagents_envs_version": "0.26.0",
        "communication_protocol_version": "1.5.0",
        "pytorch_version": "1.7.1+cu110",
        "numpy_version": "1.20.1",
        "end_time_seconds": "1640345925"
    },
    "total": 193.55042400000002,
    "count": 1,
    "self": 0.025395900000006577,
    "children": {
        "run_training.setup": {
            "total": 0.22233809999999998,
            "count": 1,
            "self": 0.22233809999999998
        },
        "TrainerController.start_learning": {
            "total": 193.30269,
            "count": 1,
            "self": 0.13286110000044005,
            "children": {
                "TrainerController._reset_env": {
                    "total": 19.452674299999998,
                    "count": 1,
                    "self": 19.452674299999998
                },
                "TrainerController.advance": {
                    "total": 173.61867029999956,
                    "count": 8162,
                    "self": 0.12825909999918395,
                    "children": {
                        "env_step": {
                            "total": 74.66598990000035,
                            "count": 8162,
                            "self": 64.39960470000025,
                            "children": {
                                "SubprocessEnvManager._take_step": {
                                    "total": 10.188952399999188,
                                    "count": 8162,
                                    "self": 0.3448038999986238,
                                    "children": {
                                        "TorchPolicy.evaluate": {
                                            "total": 9.844148500000564,
                                            "count": 6536,
                                            "self": 3.752195800000816,
                                            "children": {
                                                "TorchPolicy.sample_actions": {
                                                    "total": 6.091952699999748,
                                                    "count": 6536,
                                                    "self": 6.091952699999748
                                                }
                                            }
                                        }
                                    }
                                },
                                "workers": {
                                    "total": 0.07743280000091346,
                                    "count": 8161,
                                    "self": 0.0,
                                    "children": {
                                        "worker_root": {
                                            "total": 175.1966475000006,